{"camera_matrix": [[758.4407341534879, 0.0, 604.7355118840584], [0.0, 759.1989188936369, 512.2636317974934], [0.0, 0.0, 1.0]], "dist_coeff": [[-0.3776427470219173, 0.5110618205830078, 0.0005802811725189192, 0.0023433779749395243, -0.906643809796394]]}